,colleges,rec,w_rec,offer_rank,commit_rank
0,alabama,0.11555555555555555,0.11411436303248323,0.9276035555555557,0.9160346153846155
1,georgia,0.13157894736842105,0.13206738053416522,0.9266302631578944,0.93007
2,ucla,0.15714285714285714,0.15411511269097197,0.9078557142857147,0.8903636363636364
3,usc,0.03614457831325301,0.03262702709389969,0.9089465863453812,0.8204888888888888
