,colleges,rec,w_rec,offer_rank,commit_rank
0,alabama,0.20717131474103587,0.20485215309831906,0.9276035555555557,0.9160346153846155
1,georgia,0.23255813953488372,0.23332070653223722,0.9266302631578944,0.93007
2,ucla,0.2716049382716049,0.2670706084623261,0.9078557142857147,0.8903636363636364
3,usc,0.06976744186046512,0.06319227802069298,0.9089465863453812,0.8204888888888888
