,colleges,rec,w_rec,offer_rank,commit_rank
0,alabama,0.20161290322580644,0.20485215309831903,0.935922869955157,0.9526760000000002
1,georgia,0.23255813953488372,0.23332070653223722,0.9266302631578944,0.93007
2,ucla,0.2716049382716049,0.2670706084623261,0.9078557142857147,0.8903636363636364
3,usc,0.06324110671936758,0.06319227802069298,0.9237865306122445,0.9230499999999999
